price,bathrooms,bedrooms,floor,parking,id,attributes,scraped_at,marketplace_id,area_m2,title,description,url,image_url,location
319000.0,3.0,3,0,0,1378789800639001338,"{""amenities"": [""\u00c1rea Social"", ""Jard\u00edn"", ""Sal\u00f3n de fiestas"", ""Parking de visitas"", ""Cerca de Escuela"", ""Dep\u00f3sito"", ""\u00c1rea de BBQ"", ""Pet Friendly"", ""Jacuzzi"", ""Parque Infantil""], ""apartment_features"": [""\u00c1rea Social"", ""Jard\u00edn"", ""Sal\u00f3n de fiestas"", ""Beneficios Pet Friendly Cerca de Escuela Parking de visitas Dep\u00f3sito Sal\u00f3n de fiestas Jard\u00edn Parque Infantil \u00c1rea Social \u00c1rea de BBQ Jacuzzi"", ""Parking de visitas"", ""Cerca de Escuela"", ""Pet Friendly Cerca de Escuela Parking de visitas Dep\u00f3sito Sal\u00f3n de fiestas Jard\u00edn Parque Infantil \u00c1rea Social \u00c1rea de BBQ Jacuzzi"", ""Dep\u00f3sito"", ""\u00c1rea de BBQ"", ""Pet Friendly"", ""Jacuzzi"", ""Parque Infantil""], ""models"": [{""recamaras"": ""142"", ""banos"": ""3""}, {""model_title"": ""Modelo 1:Casa Terra\n\nIngreso mensual requerido:\n  5200\n\n\n    Precio     319'000\n\n\n    Precio / m\u00b2"", ""area"": ""142m2"", ""recamaras"": ""142"", ""banos"": ""3"", ""modelo_1"": ""Casa Terra"", ""modelo_2"": ""Casa Sole"", ""vive_narual_y_despierta_cada_d\u00eda_en_un_h\u00e1bitat_de_energ\u00eda_vital._aura,_la_m\u00e1s_grande_visi\u00f3n_residencial_que_llega_a_panam\u00e1_para_llenar_tu_vida_de_energ\u00eda_y_autenticidad._est\u00e1_pensada_para_integrar_cada_uno_de_los_elementos_naturales,_arquitect\u00f3nicos_y_sociales_logrando_que_cada_residente_conecte_con_la_naturaleza_desde_la_modalidad_de_sus_hogares._su_dise\u00f1o_contempor\u00e1neo_y_de_proporciones_arm\u00f3nicas_permite_que_cada_casa_y_apartamentos_ofrezca_un_ambiente_acogedor_y_de_serenidad._\u00a1en_preventa!_en_construcci\u00f3n_amenidades"": ""Casa Club Cancha de P\u00e1del Kids Creative Room Coworking Casas desde 142m2 hasta 211 m2"", ""modelo_3"": ""Casa Aria""}], ""property_specs_raw"": ""['Area: 142 m2', 'Pre-Venta - Proyecto Casa Aura : 3 habitaciones, 142 m2, USD 319000.00', 'Bathrooms: 3\\n\\n\\n\\n\\n\\n\\n\\nBa\u00f1os', 'Bedrooms: 3 habitaciones']"", ""models_flat"": ""['Arquitect\u00f3nicos Y Sociales Logrando Que Cada Residente Conecte Con La Naturaleza Desde La Modalidad De Sus Hogares. Su Dise\u00f1o Contempor\u00e1neo Y De Proporciones Arm\u00f3nicas Permite Que Cada Casa Y Apartamentos Ofrezca Un Ambiente Acogedor Y De Serenidad. \u00a1En Preventa! En Construcci\u00f3n Amenidades: Casa Club Cancha de P\u00e1del Kids Creative Room Coworking Casas desde 142m2 hasta 211 m2 - Modelo 3: Casa Aria', \""3 ba\u00f1os; Modelo 1:Casa Terra\\n\\nIngreso mensual requerido:\\n  5200\\n\\n\\n    Precio     319'000\\n\\n\\n    Precio / m\u00b2 - Area: 142m2 - 142 hab\"", 'La M\u00e1s Grande Visi\u00f3n Residencial Que Llega A Panam\u00e1 Para Llenar Tu Vida De Energ\u00eda Y Autenticidad. Est\u00e1 Pensada Para Integrar Cada Uno De Los Elementos Naturales', '142 hab', '3 ba\u00f1os - Modelo 1: Casa Terra - Modelo 2: Casa Sole - Vive Narual Y Despierta Cada D\u00eda En Un H\u00e1bitat De Energ\u00eda Vital. Aura']"", ""page_title"": ""Agendar una visita virtual"", ""subtitle"": ""Pre-Venta - Proyecto Casa Aura"", ""listing_price"": ""$319,000""}",2025-11-25T19:39:25.965407,1,142.0,Pre-Venta - Proyecto Casa Aura,"$319,000 Rufina Alfaro",https://www.encuentra24.com/panama-es/bienes-raices-proyectos-nuevos/pre-venta-proyecto-casa-aura/31342109,,Rufina Alfaro
156754.0,1.0,1,0,400,980730235473390835,"{""amenities"": [""\u00c1rea Social"", ""Jard\u00edn"", ""Vista al mar"", ""Cerca de Escuela"", ""M\u00faltiples ascensores"", ""\u00c1rea de BBQ"", ""Gimnasio"", ""Planta El\u00e9ctrica"", ""Lavander\u00eda interna"", ""Walk-in Closet"", ""Lobby"", ""Pet Friendly"", ""Parking bajo techo"", ""Sala y Comedor"", ""Seguridad 24 Horas""], ""apartment_features"": [""\u00c1rea Social"", ""Jard\u00edn"", ""Vista al mar"", ""Cerca de Escuela"", ""M\u00faltiples ascensores"", ""Pet Friendly Cerca de Escuela Vista al mar Parking bajo techo Seguridad 24 Horas M\u00faltiples ascensores Lavander\u00eda interna Jard\u00edn Gimnasio Sala y Comedor \u00c1rea Social Walk-in Closet \u00c1rea de BBQ Lobby Planta El\u00e9ctrica"", ""\u00c1rea de BBQ"", ""Gimnasio"", ""Planta El\u00e9ctrica"", ""Lavander\u00eda interna"", ""Walk-in Closet"", ""Lobby"", ""Pet Friendly"", ""Parking bajo techo"", ""Sala y Comedor"", ""Seguridad 24 Horas"", ""Beneficios Pet Friendly Cerca de Escuela Vista al mar Parking bajo techo Seguridad 24 Horas M\u00faltiples ascensores Lavander\u00eda interna Jard\u00edn Gimnasio Sala y Comedor \u00c1rea Social Walk-in Closet \u00c1rea de BBQ Lobby Planta El\u00e9ctrica""], ""models"": [{""recamaras"": ""85"", ""banos"": ""1""}, {""model_title"": ""Modelo 1:C-09 (1 rec\u00e1mara)\n\n\n    Precio     156'754\n\n\n    Precio / m\u00b2"", ""area"": ""41.85 m\u00b2"", ""recamaras"": ""3"", ""banos"": ""1"", ""estacionamiento"": ""400"", ""modelo_1"": ""C-09 (1 rec\u00e1mara)"", ""modelo_2"": ""C-03 (2 rec\u00e1maras)"", ""modelo_3"": ""C-05 (3 rec\u00e1maras)""}, {""model_title"": ""Modelo 1:C-09 (1 rec\u00e1mara)\n\n\n    Precio     156'754\n\n\n    Precio / m\u00b2"", ""recamaras"": ""1"", ""banos"": ""1"", ""modelo_1"": ""C-09 (1 rec\u00e1mara)"", ""modelo_2"": ""C-03 (2 rec\u00e1maras)"", ""modelo_3"": ""C-05 (3 rec\u00e1maras)""}], ""property_specs_raw"": ""['Parking: 400 estacionamientos', 'Bathrooms: 1\\n\\n\\n\\n\\n\\n\\n\\nBa\u00f1os', 'Bedrooms: 1 habitaciones', 'Area: 42 m2']"", ""models_flat"": ""['85 hab', \""1 ba\u00f1os; Modelo 1:C-09 (1 rec\u00e1mara)\\n\\n\\n    Precio     156'754\\n\\n\\n    Precio / m\u00b2 - Area: 41.85 m\u00b2 - 3 hab\"", '1 ba\u00f1os - Modelo 1: C-09 (1 rec\u00e1mara) - Modelo 2: C-03 (2 rec\u00e1maras) - Modelo 3: C-05 (3 rec\u00e1maras)', \""1 ba\u00f1os - Parking: 400 - Modelo 1: C-09 (1 rec\u00e1mara) - Modelo 2: C-03 (2 rec\u00e1maras) - Modelo 3: C-05 (3 rec\u00e1maras); Modelo 1:C-09 (1 rec\u00e1mara)\\n\\n\\n    Precio     156'754\\n\\n\\n    Precio / m\u00b2 - 1 hab\""]"", ""page_title"": ""Agendar una visita virtual"", ""subtitle"": ""La Uni\u00f3n en Gran Central Panam\u00e1 | Vive en el distrito 100% caminable"", ""listing_price"": ""$156,754""}",2025-11-25T19:39:25.965407,1,42.0,La Unión en Gran Central Panamá | Vive en el distrito 100% caminable,,https://www.encuentra24.com/panama-es/bienes-raices-proyectos-nuevos/la-union-en-gran-central-panama-vive-en-el-distrito-100-caminable/31430038,,Avenida Balboa
632000.0,0.0,0,0,0,1639374324391918647,"{""amenities"": [""F\u00e1cil Acceso"", ""Electricidad"", ""Frente al Lago"", ""Plano"", ""Sistema de Agua"", ""Vista al Lago""], ""apartment_features"": [""F\u00e1cil Acceso"", ""Beneficios Vista al Lago Frente al Lago Plano Sistema de Agua Electricidad F\u00e1cil Acceso"", ""Electricidad"", ""Frente al Lago"", ""Vista al Lago Frente al Lago Plano Sistema de Agua Electricidad F\u00e1cil Acceso"", ""Plano"", ""Sistema de Agua"", ""Vista al Lago""], ""models"": [{""model_title"": ""Inicio"", ""model_price"": ""Mejor precio del mercado!! Terreno en Buenaventura a solo $130 x mt2""}], ""property_specs_raw"": ""[]"", ""models_flat"": ""['Inicio - @ Mejor precio del mercado!! Terreno en Buenaventura a solo $130 x mt2']"", ""page_title"": ""El Farall\u00f3n | Mejor precio del mercado!! Terreno en Buenaventura a solo $130 x mt2 $632,000 -2%"", ""subtitle"": ""El Farall\u00f3n | Mejor precio del mercado!! Terreno en Buenaventura a solo $130 x mt2"", ""listing_price"": ""$632,000 -2%""}",2025-11-25T19:39:25.965407,1,0.0,Mejor precio del mercado!! Terreno en Buenaventura a solo $130 x mt2,"Este hermoso lote de 4,866mts2 con vista al lago en Buenaventura esta listo para construir la casa de playa de tus sueños. Es uno de los mas grandes disponibles por lo que podras tener amplios y verdes jardines. Tiene el mejor precio por metro cuadrado de todo el mercado, a tan solo $130 x mt2. Aproveche esta gran oportunidad. Se escuchan ofertas razonables.",https://www.encuentra24.com/panama-es/bienes-raices-venta-de-propiedades-casas-y-terrenos-de-playas/mejor-precio-del-mercado-terreno-en-buenaventura-a-solo-130-x-mt2/18738065,,El Farallón
600.0,1.0,1,0,0,2136626290120068259,"{""amenities"": [""Nevera"", ""Aire acondicionado"", ""Cerca del Tr\u00e1fico"", ""Nevera Estufa Lavadora"", ""Cerca de Escuela"", ""Lavander\u00eda interna"", ""Lavadora"", ""Estufa""], ""apartment_features"": [""Nevera"", ""Cerca del Tr\u00e1fico"", ""Cerca de Escuela Cerca del Tr\u00e1fico Lavander\u00eda interna Aire acondicionado"", ""Nevera Estufa Lavadora"", ""Beneficios Nevera Estufa Lavadora Cerca de Escuela Cerca del Tr\u00e1fico Lavander\u00eda interna Aire acondicionado"", ""Aire acondicionado"", ""Cerca de Escuela"", ""Lavander\u00eda interna"", ""Lavadora"", ""Estufa""], ""models"": [{""banos"": ""1""}], ""property_specs_raw"": ""['Area: 2025\\n\\nM\u00b2', 'Bathrooms: 1\\n\\n\\n\\n\\n\\n\\n\\nBa\u00f1os', 'Bedrooms: 1 habitaciones', 'M\u00e1s Apartamentos con 1 habitaciones']"", ""models_flat"": ""['N/A hab', '1 ba\u00f1os']"", ""page_title"": ""Apartamentos en Coco del Mar | Apartamento de 1recamara con Linea Blanca en Coco Del Mar y calle 50 Final $600.00 -8%"", ""subtitle"": ""Apartamentos en Coco del Mar | Apartamento de 1recamara con Linea Blanca en Coco Del Mar y calle 50 Final"", ""listing_price"": ""$600.00 -8%""}",2025-11-25T19:39:25.965407,1,2025.0,Apartamento de 1recamara con Linea Blanca en Coco Del Mar y calle 50 Final,"Alquile este apartamento muy bien ubicado en Calle 50 Final y Coco del Mar. Tipo Estudio ( un solo ambiente) Sala, comedor Cocina y Lavanderia Nevera Estufa Aire acondicionado Centro de Lavado Intercom Buenos acabados! Precio Con linea blanca 600 No tiene elevador, ni area social Requisitos Carta de Trabajo ingresos minimos combinados de 1,200 copia de cedula o pasaporte Pago de Deposito Pago de Alquiler de primer mes Para citas favor llamar o escribir vía whatsapp",https://www.encuentra24.com/panama-es/bienes-raices-alquiler-apartamentos/apartamento-de-1recamara-con-linea-blanca-en-coco-del-mar-y-calle-50-final/30131053,,Coco del Mar
1950.0,2.0,2,0,1,210683619898212207,"{""amenities"": [""Cerca del Tr\u00e1fico"", ""Elegante lobby"", ""Desayunador"", ""Seguridad 24 Horas"", ""Lavander\u00eda interna"", ""Walk-In closet"", ""2 o m\u00e1s elevadores"", ""\u00c1rea Social"", ""A/C"", ""Parking de visitas"", ""Cerca de Escuela"", ""Planta El\u00e9ctrica"", ""Ba\u00f1o visitas"", ""Conserjer\u00eda"", ""Cocina amoblada"", ""Sal\u00f3n de fiestas"", ""Frente al Mar"", ""Gimnasio"", ""Pet Friendly"", ""Parking bajo techo"", ""Jacuzzi"", ""Amoblado"", ""Parque Infantil""], ""apartment_features"": [""Cerca del Tr\u00e1fico"", ""Elegante lobby"", ""Desayunador"", ""Beneficios Cerca de Escuela Pet Friendly Cerca del Tr\u00e1fico Frente al Mar Parking bajo techo Parking de visitas Seguridad 24 Horas 2 o m\u00e1s elevadores Lavander\u00eda interna Sal\u00f3n de fiestas Parque Infantil Gimnasio Desayunador A/C \u00c1rea Social Walk-In closet Elegante lobby Planta El\u00e9ctrica Jacuzzi Amoblado Ba\u00f1o visitas Cocina amoblada Conserjer\u00eda"", ""Seguridad 24 Horas"", ""Lavander\u00eda interna"", ""Walk-In closet"", ""2 o m\u00e1s elevadores"", ""\u00c1rea Social"", ""Parking de visitas"", ""Cerca de Escuela"", ""Planta El\u00e9ctrica"", ""Ba\u00f1o visitas"", ""Conserjer\u00eda"", ""Cerca de Escuela Pet Friendly Cerca del Tr\u00e1fico Frente al Mar Parking bajo techo Parking de visitas Seguridad 24 Horas 2 o m\u00e1s elevadores Lavander\u00eda interna Sal\u00f3n de fiestas Parque Infantil Gimnasio Desayunador A/C \u00c1rea Social Walk-In closet Elegante lobby Planta El\u00e9ctrica Jacuzzi Amoblado Ba\u00f1o visitas Cocina amoblada Conserjer\u00eda"", ""Cocina amoblada"", ""Sal\u00f3n de fiestas"", ""Frente al Mar"", ""Gimnasio"", ""Pet Friendly"", ""Parking bajo techo"", ""Jacuzzi"", ""Amoblado"", ""Parque Infantil""], ""models"": [{""recamaras"": ""950"", ""banos"": ""2""}], ""property_specs_raw"": ""['Parking: Parking\\n1', 'M\u00e1s Alquileres Amueblados con 2 habitaciones', 'Bathrooms: 2\\n\\n\\n\\n\\n\\n\\n\\nBa\u00f1os', 'Area: 16.11\\n\\n\\n    M\u00b2', 'Bedrooms: 2 habitaciones']"", ""models_flat"": ""['2 ba\u00f1os', '950 hab']"", ""page_title"": ""Alquileres Amueblados en Avenida Balboa | Avenida Balboa , alquiler amoblado frente al mar y Cinta Costera $1,950"", ""subtitle"": ""Alquileres Amueblados en Avenida Balboa | Avenida Balboa , alquiler amoblado frente al mar y Cinta Costera"", ""listing_price"": ""$1,950""}",2025-11-25T19:39:25.965407,1,16.11,"Avenida Balboa , alquiler amoblado frente al mar y Cinta Costera","Precioso apartamento en PH White Tower El precio incluye :  cable ,agua, luz e internet Amplia sala comedor con balcon , finamente amoblado moderno y con muy buen gusto. 2 amplias recamaras La recamara principal con vista al mar , con su baño privado y walk in closet . La segunda recamara con baño privado y espaciosa con escritorio incluido Cocina abierta Area de lavanderia interna 1 parking Area social Piscina recien remodelada Gran salon de fiestas Area de recreacion para los niños Gimnasio muy completo Sauna Baño Turco Area recreativa para adultos con maquina dispensadora de snacks Cancha de tenis Cancha de basquetball Elegante lobby 5 elevadores de ultima generacion recepcion 24/7 Edificio totalmente electrico y seguro Parking de visitas a solo 1 cuadra del parque Urraca",https://www.encuentra24.com/panama-es/bienes-raices-alquiler-apartamentos-amueblados/avenida-balboa-alquiler-amoblado-frente-al-mar-y-cinta-costera/31585008,,Avenida Balboa
325000.0,2.0,2,0,2,2249673575394023341,"{""models"": [{""area"": ""148 m2"", ""recamaras"": ""000"", ""banos"": ""2"", ""estacionamiento"": ""2""}, {""recamaras"": ""000"", ""banos"": ""2""}], ""property_specs_raw"": ""['Parking: 2 estacionamientos', 'Bathrooms: 2\\n\\n\\n\\n\\n\\n\\n\\nBa\u00f1os', 'Area: 195\\n\\nM\u00b2', 'M\u00e1s Apartamentos con 2 habitaciones', 'Bedrooms: 2 habitaciones']"", ""models_flat"": ""['Area: 148 m2 - 000 hab', '2 ba\u00f1os', '2 ba\u00f1os - Parking: 2; 000 hab']"", ""page_title"": ""Apartamentos en Panam\u00e1 | Se vende apartamento en Embassy Club (Garden), sin intermediarios $325,000"", ""subtitle"": ""Apartamentos en Panam\u00e1 | Se vende apartamento en Embassy Club (Garden), sin intermediarios"", ""listing_price"": ""$325,000""}",2025-11-25T19:39:25.965407,1,195.0,"Se vende apartamento en Embassy Club (Garden), sin intermediarios","Vendo bello apartamento completamente amoblado y equipado, en Clayton, la mejor zona verde para vivir en Panamá. Características del inmueble: 148 m2 2 recámaras 2.5 baños Cuarto y baño de servicio Sala comedor Cocina semi abierta Balcones franceses 2 estacionamientos amplios Depósito Este apartamento de excelente acabados se vende full amoblado e incluye una línea blanca de primera calidad y aires acondicionados en todas las áreas del apartamento, asegurando un confort excepcional que junto a la excelente iluminación hacen de este un lugar ideal para vivir. Cuenta además con una amplia gama de comodidades entre ellas su espectacular área social y amenidades que incluye: Casa Club Restaurante Piscinas Parques infantiles Cancha de tenis Cancha de fútbol Salón de eventos Servicio de conserjería Garita de seguridad las 24 horas Planta eléctrica y tanque de reserva de agua",https://www.encuentra24.com/panama-es/bienes-raices-venta-de-propiedades-apartamentos/se-vende-apartamento-en-embassy-club-garden-sin-intermediarios/31547756,,Panamá
5000.0,0.0,0,0,4,1502125511260691346,"{""amenities"": [""Dep\u00f3sito"", ""Seguridad 24 Horas"", ""Acceso para discapacitados"", ""Ascensores"", ""Sala de Eventos"", ""Food court"", ""Escaleras de Emergencia"", ""A/C"", ""Ventanas de doble vidrio"", ""Parking de visitas"", ""Iluminaci\u00f3n"", ""Cocineta"", ""Planta El\u00e9ctrica"", ""Tanque de Reserva"", ""A/C central"", ""Recepci\u00f3n"", ""Aire acondicionado"", ""Cocina"", ""Sistema de Detecci\u00f3n de Fuego"", ""Amoblado"", ""Pet Friendly"", ""Sala de reuniones""], ""apartment_features"": [""Dep\u00f3sito"", ""Beneficios Planta El\u00e9ctrica Iluminaci\u00f3n Tanque de Reserva Sistema de Detecci\u00f3n de Fuego Parking de visitas Seguridad 24 Horas Ascensores Dep\u00f3sito Escaleras de Emergencia A/C A/C central Ventanas de doble vidrio Acceso para discapacitados Amoblado Sala de Eventos Cocineta Food court Recepci\u00f3n Pet Friendly Sala de reuniones Cocina Aire acondicionado"", ""Seguridad 24 Horas"", ""Acceso para discapacitados"", ""Ascensores"", ""Sala de Eventos"", ""Food court"", ""Planta El\u00e9ctrica Iluminaci\u00f3n Tanque de Reserva Sistema de Detecci\u00f3n de Fuego"", ""Escaleras de Emergencia"", ""Ventanas de doble vidrio"", ""Parking de visitas"", ""Iluminaci\u00f3n"", ""Cocineta"", ""Planta El\u00e9ctrica"", ""Tanque de Reserva"", ""Recepci\u00f3n"", ""A/C central"", ""Aire acondicionado"", ""Parking de visitas Seguridad 24 Horas Ascensores Dep\u00f3sito Escaleras de Emergencia A/C A/C central Ventanas de doble vidrio Acceso para discapacitados Amoblado Sala de Eventos Cocineta Food court Recepci\u00f3n Pet Friendly Sala de reuniones Cocina Aire acondicionado"", ""Cocina"", ""Sistema de Detecci\u00f3n de Fuego"", ""Amoblado"", ""Pet Friendly"", ""Sala de reuniones""], ""models"": [{""area"": ""19.23\n\n\n    m\u00b2"", ""banos"": ""000"", ""estacionamiento"": ""4""}, {""banos"": ""000""}, {""area"": ""19.23\n\n\n    m\u00b2""}, {""area"": ""260m2"", ""estacionamiento"": ""4""}, {""model_title"": ""Inicio"", ""tu_espacio_corporativo_en_costa_del_este"": ""Amoblado y Estrat\u00e9gico""}], ""property_specs_raw"": ""['Bathrooms: 000\\n\\n\\n\\n\\n\\n\\n\\nBa\u00f1os', 'Area: 4\\n\\n\\n\\n\\n\\n\\n\\nM\u00b2', 'Parking: 4 estacionamientos']"", ""models_flat"": ""['000 ba\u00f1os - Parking: 4; N/A hab', 'Area: 19.23\\n\\n\\n    m\u00b2 - N/A hab', '000 ba\u00f1os; Area: 19.23\\n\\n\\n    m\u00b2; Area: 260m2 - Parking: 4; Inicio - Tu Espacio Corporativo En Costa Del Este: Amoblado y Estrat\u00e9gico']"", ""page_title"": ""Alquiler de Oficinas en Costa del Este | Tu Espacio Corporativo en Costa del Este: Amoblado y Estrat\u00e9gico $5,000"", ""subtitle"": ""Alquiler de Oficinas en Costa del Este | Tu Espacio Corporativo en Costa del Este: Amoblado y Estrat\u00e9gico"", ""listing_price"": ""$5,000""}",2025-11-25T19:39:25.965407,1,4.0,Tu Espacio Corporativo en Costa del Este: Amoblado y Estratégico,"Oficina amoblada lista para ocupar en Financial Park Costa del Este Oficina 31EG - Metraje: 260m2 Cuenta con: - Vistas panoramicas a la ciudad - Amoblada con separaciones - Espacio de trabajo abierto - Espacios de trabajo privado - Sala de reuniones - Recepción - Cocineta - Baños internos - 4 estacionamientos - Estacionamiento de visitas - Incluye cuota de mantenimiento - Ubicación estratégica Oficinas espaciosas, funcionales, iluminación natural, vistas panorámicas, con aires acondicionados, muebles, lista para ocupar. Torre comercial completa con amenidades en lobby, servicio Valet Parking, ascensores de alta velocidad, ingreso Face ID, elegante e imponente lobby, seguridad en torre, estacionamientos de visitas y mucho más ALQUILER $5,000 - incluye cuota de mantenimiento (disponible tambien para venta)",https://www.encuentra24.com/panama-es/bienes-raices-alquiler-alquiler-de-oficinas/tu-espacio-corporativo-en-costa-del-este-amoblado-y-estrategico/31661185,,Costa del Este
2300.0,3.0,3,27,2,2253129378040324183,"{""amenities"": [""\u00c1rea Social"", ""Aire acondicionado"", ""Parking de visitas"", ""2 o m\u00e1s elevadores"", ""Gimnasio"", ""Amoblado"", ""Parking bajo techo"", ""Cuarto y ba\u00f1o de empleada"", ""Jacuzzi"", ""Sala y Comedor"", ""Walk-In closet"", ""Seguridad 24 Horas"", ""A/C""], ""apartment_features"": [""\u00c1rea Social"", ""Aire acondicionado"", ""Parking de visitas"", ""Gimnasio"", ""Beneficios Parking bajo techo Parking de visitas Cuarto y ba\u00f1o de empleada Seguridad 24 Horas 2 o m\u00e1s elevadores Gimnasio A/C Sala y Comedor \u00c1rea Social Walk-In closet Jacuzzi Amoblado Aire acondicionado"", ""Parking bajo techo Parking de visitas Cuarto y ba\u00f1o de empleada Seguridad 24 Horas 2 o m\u00e1s elevadores Gimnasio A/C Sala y Comedor \u00c1rea Social Walk-In closet Jacuzzi Amoblado Aire acondicionado"", ""Amoblado"", ""Parking bajo techo"", ""Cuarto y ba\u00f1o de empleada"", ""Jacuzzi"", ""Sala y Comedor"", ""Walk-In closet"", ""Seguridad 24 Horas"", ""2 o m\u00e1s elevadores""], ""models"": [{""area"": ""132 m2"", ""recamaras"": ""300"", ""banos"": ""3"", ""estacionamiento"": ""2""}, {""recamaras"": ""300"", ""banos"": ""3""}], ""property_specs_raw"": ""['Parking: 2 estacionamientos', 'Bedrooms: 3 habitaciones', 'Floor: 27 piso', 'Bathrooms: 3\\n\\n\\n\\n\\n\\n\\n\\nBa\u00f1os', 'Area: 17.42\\n\\nM\u00b2', 'M\u00e1s Alquileres Amueblados con 3 habitaciones']"", ""models_flat"": ""['3 ba\u00f1os', '3 ba\u00f1os - Parking: 2; 300 hab', 'Area: 132 m2 - 300 hab']"", ""page_title"": ""Alquileres Amueblados en Costa del Este | PH Castellamare, Apartamento Amoblado en Costa del Este (DD413) $2,300 Ref.: DD413"", ""subtitle"": ""Alquileres Amueblados en Costa del Este | PH Castellamare, Apartamento Amoblado en Costa del Este (DD413)"", ""listing_price"": ""$2,300""}",2025-11-25T19:39:25.965407,1,17.42,"PH Castellamare, Apartamento Amoblado en Costa del Este (DD413)","Castellamare es un exclusivo proyecto de apartamentos que ha sido diseñado con estándares de primer mundo, excelentes acabados y comodidades para la familia; ubicado en el área residencial más importante y privilegiada de la ciudad de Panamá. Descripción del apartamento: 3 recámaras 2.5 baños 132 m2 Amoblado Sala Comedor Cuarto y baño de servicio 2 puestos de estacionamiento Descripción del edificio: Torre de 27 pisos, 115 apartamentos Apartamentos con 2.90m de altura 2 estacionamientos por apartamento 38 estacionamientos de visitas Área Social (Salón Infantil con terraza, área de recreación para niños, Salón para adultos con terraza y área de bar, Piscina para niños y adultos) Gimnasio Jacuzzi Amplio Lobby de doble altura con puesto de seguridad, sala de reuniones, área de conserje y área administrativa. 3 elevadores de alta velocidad Tanque de reserva de agua Gas comunal Planta eléctrica total Norma Vigente Antisísmica Área para disposición de basura Escaleras presurizadas No Mascotas.",https://www.encuentra24.com/panama-es/bienes-raices-alquiler-apartamentos-amueblados/ph-castellamare-apartamento-amoblado-en-costa-del-este-dd413/31588766,,Costa del Este
420000.0,3.0,3,0,2,1991201282740550704,"{""amenities"": [""Microondas"", ""Secadora"", ""Lobby"", ""Lavadora"", ""Seguridad 24 Horas"", ""Bodega"", ""Lavander\u00eda interna"", ""Cuarto y ba\u00f1o de empleada"", ""2 o m\u00e1s elevadores"", ""\u00c1rea Social"", ""A/C"", ""Nevera"", ""Parking de visitas"", ""Cerca de Escuela"", ""Planta El\u00e9ctrica"", ""Ba\u00f1o visitas"", ""Servicios"", ""Conserjer\u00eda"", ""Bar"", ""A/C central"", ""Cocina amoblada"", ""Sal\u00f3n de fiestas"", ""Aire acondicionado"", ""Walk-in closet"", ""Gimnasio"", ""Pet Friendly"", ""Calentador de agua"", ""Parking bajo techo"", ""Parque Infantil"", ""Sala y Comedor"", ""Estufa""], ""apartment_features"": [""Microondas"", ""Secadora"", ""Lobby"", ""Lavadora"", ""Seguridad 24 Horas"", ""Bodega"", ""Nevera Microondas Estufa Calentador de agua Lavadora Secadora"", ""Lavander\u00eda interna"", ""Cuarto y ba\u00f1o de empleada"", ""Beneficios Nevera Microondas Estufa Calentador de agua Lavadora Secadora Cerca de Escuela Pet Friendly Parking bajo techo Parking de visitas Cuarto y ba\u00f1o de empleada Seguridad 24 Horas 2 o m\u00e1s elevadores Lavander\u00eda interna Sal\u00f3n de fiestas Parque Infantil Gimnasio A/C A/C central Sala y Comedor \u00c1rea Social Walk-in closet Lobby Planta El\u00e9ctrica Bar Ba\u00f1o visitas Servicios Cocina amoblada Bodega Aire acondicionado Conserjer\u00eda"", ""2 o m\u00e1s elevadores"", ""\u00c1rea Social"", ""Nevera"", ""Parking de visitas"", ""Cerca de Escuela"", ""Planta El\u00e9ctrica"", ""Ba\u00f1o visitas"", ""Servicios"", ""Conserjer\u00eda"", ""A/C central"", ""Cocina amoblada"", ""Sal\u00f3n de fiestas"", ""Aire acondicionado"", ""Walk-in closet"", ""Gimnasio"", ""Pet Friendly"", ""Calentador de agua"", ""Parking bajo techo"", ""Cerca de Escuela Pet Friendly Parking bajo techo Parking de visitas Cuarto y ba\u00f1o de empleada Seguridad 24 Horas 2 o m\u00e1s elevadores Lavander\u00eda interna Sal\u00f3n de fiestas Parque Infantil Gimnasio A/C A/C central Sala y Comedor \u00c1rea Social Walk-in closet Lobby Planta El\u00e9ctrica Bar Ba\u00f1o visitas Servicios Cocina amoblada Bodega Aire acondicionado Conserjer\u00eda"", ""Parque Infantil"", ""Sala y Comedor"", ""Estufa""], ""models"": [{""area"": ""205m2"", ""recamaras"": ""000"", ""banos"": ""3"", ""estacionamiento"": ""2""}, {""recamaras"": ""000"", ""banos"": ""3""}, {""area"": ""205m2"", ""recamaras"": ""3"", ""estacionamiento"": ""2""}], ""property_specs_raw"": ""['Parking: 2 estacionamientos', 'Bedrooms: 3 habitaciones', 'M\u00e1s Apartamentos con 3 habitaciones', 'Bathrooms: 3\\n\\n\\n\\n\\n\\n\\n\\nBa\u00f1os', 'Area: 048\\n\\n\\n    M\u00b2']"", ""models_flat"": ""['N/A ba\u00f1os - Parking: 2', '3 ba\u00f1os; Area: 205m2 - 3 hab', 'Area: 205m2 - 000 hab', '3 ba\u00f1os - Parking: 2; 000 hab']"", ""page_title"": ""Apartamentos en Costa del Este | Tu pr\u00f3ximo hogar en Country Club, apartamento totalmente amoblado $420,000"", ""subtitle"": ""Apartamentos en Costa del Este | Tu pr\u00f3ximo hogar en Country Club, apartamento totalmente amoblado"", ""listing_price"": ""$420,000""}",2025-11-25T19:39:25.965407,1,48.0,"Tu próximo hogar en Country Club, apartamento totalmente amoblado","Tu Nuevo Comienzo en Costa del Este: Apartamento amoblado en Country Club Apartamento 43B Metraje: 205m2 - 3 recámaras con baño y amplios closet - Den familiar - Baño de visitas - Cuarto y baño de servicio - 2 estacionamientos - Balcón con vista a la ciudad - Amoblado - Línea Blanca - Aires acondicionados - Acceso a Casa Club con amenidades como Pets Park, co-working space, kids playground, Sala de Cine, gym completo, canchas deportivas como tenis, basket, futbol, piscina Pool Club y mucho más - Seguridad 24/7 - Elegante lobby con ascensores de alta velocidad VENTA $420,000 **Precio negociable**",https://www.encuentra24.com/panama-es/bienes-raices-venta-de-propiedades-apartamentos/tu-proximo-hogar-en-country-club-apartamento-totalmente-amoblado/31661043,,Costa del Este
292000.0,1.0,1,8,1,591081834100177709,"{""amenities"": [""Cerca del Tr\u00e1fico"", ""Dep\u00f3sito"", ""Secadora"", ""Vista al Mar"", ""Lobby"", ""Lavadora"", ""Seguridad 24 Horas"", ""Lavander\u00eda interna"", ""A/C"", ""\u00c1rea Social"", ""2 o m\u00e1s elevadores"", ""Nevera"", ""Cerca de Escuela"", ""Planta El\u00e9ctrica"", ""Ba\u00f1o visitas"", ""Servicios"", ""Garaje techado"", ""Conserjer\u00eda"", ""Bar"", ""Vista a las Monta\u00f1as"", ""Lavaplatos"", ""Cocina amoblada"", ""Aire acondicionado"", ""Frente al Mar"", ""Gimnasio"", ""Pet Friendly"", ""Calentador de agua"", ""Parking bajo techo"", ""Parque Infantil"", ""Sala y Comedor"", ""Estufa""], ""apartment_features"": [""Cerca del Tr\u00e1fico"", ""Dep\u00f3sito"", ""Secadora"", ""Vista al Mar"", ""Lobby"", ""Lavadora"", ""Seguridad 24 Horas"", ""Nevera Estufa Lavaplatos Calentador de agua Lavadora Secadora"", ""Lavander\u00eda interna"", ""2 o m\u00e1s elevadores"", ""Beneficios Nevera Estufa Lavaplatos Calentador de agua Lavadora Secadora Cerca de Escuela Pet Friendly Cerca del Tr\u00e1fico Vista al Mar Vista a las Monta\u00f1as Frente al Mar Parking bajo techo Seguridad 24 Horas 2 o m\u00e1s elevadores Lavander\u00eda interna Dep\u00f3sito Parque Infantil Gimnasio A/C Garaje techado Sala y Comedor \u00c1rea Social Lobby Planta El\u00e9ctrica Bar Ba\u00f1o visitas Servicios Cocina amoblada Aire acondicionado Conserjer\u00eda"", ""\u00c1rea Social"", ""Nevera"", ""Cerca de Escuela"", ""Planta El\u00e9ctrica"", ""Ba\u00f1o visitas"", ""Servicios"", ""Garaje techado"", ""Conserjer\u00eda"", ""Vista a las Monta\u00f1as"", ""Lavaplatos"", ""Cocina amoblada"", ""Aire acondicionado"", ""Cerca de Escuela Pet Friendly Cerca del Tr\u00e1fico Vista al Mar Vista a las Monta\u00f1as Frente al Mar Parking bajo techo Seguridad 24 Horas 2 o m\u00e1s elevadores Lavander\u00eda interna Dep\u00f3sito Parque Infantil Gimnasio A/C Garaje techado Sala y Comedor \u00c1rea Social Lobby Planta El\u00e9ctrica Bar Ba\u00f1o visitas Servicios Cocina amoblada Aire acondicionado Conserjer\u00eda"", ""Frente al Mar"", ""Gimnasio"", ""Pet Friendly"", ""Calentador de agua"", ""Parking bajo techo"", ""Parque Infantil"", ""Sala y Comedor"", ""Estufa""], ""models"": [{""recamaras"": ""000"", ""banos"": ""1""}, {""banos"": ""2""}, {""model_title"": ""Inicio"", ""avenida_balboa"": ""Vendo apartamento con balc\u00f3n y vista espectacular""}], ""property_specs_raw"": ""['Parking: Parking\\n1', 'Floor: nivel 8', 'M\u00e1s Apartamentos con 1 habitaciones', 'Bathrooms: 1\\n\\n\\n\\n\\n\\n\\n\\nBa\u00f1os', 'Bedrooms: 1 habitaciones', 'Area: 792\\n\\nM\u00b2']"", ""models_flat"": ""['000 hab', '1 ba\u00f1os; N/A hab', '2 ba\u00f1os; Inicio - Avenida Balboa: Vendo apartamento con balc\u00f3n y vista espectacular']"", ""page_title"": ""Apartamentos en Avenida Balboa | Avenida Balboa: Vendo apartamento con balc\u00f3n y vista espectacular $292,000"", ""subtitle"": ""Apartamentos en Avenida Balboa | Avenida Balboa: Vendo apartamento con balc\u00f3n y vista espectacular"", ""listing_price"": ""$292,000""}",2025-11-25T19:39:25.965407,1,792.0,Avenida Balboa: Vendo apartamento con balcón y vista espectacular,"Ya sea que desees vivir a pocos pasos del Casco Antiguo o busques una propiedad única como inversión, esta es tu oportunidad. Puedes comprarla alquilada con un retorno anual del 6%, o lista para ocupar inmediatamente. Además, disfruta de 17 años de exención de impuestos. Descubre el nuevo rascacielos de la Avenida Balboa, con más de 110 metros lineales frente a la Cinta Costera. Es un icono de Panamá, con el ""Rooftop-Bar"" más chévere de la ciudad, y un sinfín de actividades de aventura. El edificio está respaldado por un sólido consorcio de desarrolladores e inversores, incluyendo al grupo que construyó el YOO de Philippe Starck, la propiedad más cara de la Avenida Balboa. Este reventa es tu oportunidad de adquirir el modelo más codiciado con balcón. Este modelo fue el más rápidamente vendido debido a su distribución y la vista panorámica de 320 grados que abarca toda la ciudad, desde la cinta costera completa hasta el casco histórico, sobre el Ancón, y hasta el Puente Centenario, etc. ¡Simplemente espectacular! Imagina despertar en tu cama king size con una vista millonaria. Disfruta en tu balcón por la noche una copa de vino, mientras observas la vida nocturna de la Avenida Balboa. La unidad ha sido generosamente modificada y ofrece características únicas, algunas de las cuales son exclusivas de esta propiedad en todo el edificio: - Puerta de seguridad con aislamiento acústico - 2 baños completos con ventana y duchas de confort cada uno - Amplia área de salón-comedor con cocina espaciosa, lavavajillas y triturador de basura - Aire acondicionado Samsung WINDFREE de 24,000 y 12,000 BTU - Totalmente amoblada con pared de espejo, THE FRAME TV de 65 pulgadas, sistema de audio, lavadora-secadora combo, etc. - Además, puedes adquirir un depósito con doble altura frente a un estacionamiento particular (costo $14,000). La mayoría de los apartamentos ni cuentan con estacionamiento propio ni depósito. Mantenimiento: $192.25 (incluye agua, gas, seguridad 24 horas, uso de piscina, gimnasio, sala de juegos, ping-pong y billar) INVERSIONISTAS EXTRANJEROS: Esta compra califica a los extranjeros para obtener la Golden Visa (residencia permanente dentro de las 6 semanas posteriores a la compra) si se adquiere el depósito. 17 años exoneración de impuestos. Estilo de Vida: Adquirir esta propiedad no solo te ofrece una vista panorámica de 320° sobre la Ciudad de Panamá, sino también un estilo de vida moderno. Desde aquí, puedes llegar caminando en solo 10 minutos al casco antiguo o explorar todo el malecón de la Avenida Balboa. A poca distancia a pie se encuentran 2 estaciones de metro. El edificio en sí cuenta con: - Piscina infinita - Gimnasio - Sala de juegos - Área de coworking - Sala de billar y ping-pong - Restaurante japonés-italiano en el nivel 8 - Cadena de restaurantes Fonda en el nivel 4 - Vida nocturna: restaurante CIELO y azotea bar, además de 2 restaurantes adicionales en el nivel 37 con un ambiente perfecto y vistas panorámicas - 3 niveles de área comercial con mini-supermercado (en preparación), spa, salón para mascotas y muchas otras tiendas. Este apartamento es una joya para solteros y parejas activas que desean disfrutar de un estilo de vida vibrante, cultivando una red social rica y sumergiéndose en la vibrante vida nocturna. Estás listo para comprar? Póngase en contacto con nosotros.",https://www.encuentra24.com/panama-es/bienes-raices-venta-de-propiedades-apartamentos/avenida-balboa-vendo-apartamento-con-balcon-y-vista-espectacular/31430963,,Avenida Balboa
89500.0,0.0,0,0,0,1827624950572515845,"{""amenities"": [""Vista a las Monta\u00f1as"", ""Beneficios Vista a las Monta\u00f1as""], ""apartment_features"": [""Vista a las Monta\u00f1as"", ""Beneficios Vista a las Monta\u00f1as""], ""property_specs_raw"": ""['Area: 455.33 metros cuadrados']"", ""models_flat"": ""[]"", ""page_title"": ""Altos del Mar\u00eda | Amplio terreno ALTOS DEL MARIA vista a MONTA\u00d1AS y cerca de RIO $89,500"", ""subtitle"": ""Altos del Mar\u00eda | Amplio terreno ALTOS DEL MARIA vista a MONTA\u00d1AS y cerca de RIO"", ""listing_price"": ""$89,500""}",2025-11-25T19:39:25.965407,1,455.33,Amplio terreno ALTOS DEL MARIA vista a MONTAÑAS y cerca de RIO,"Se vende amplio terreno ubicado en Altos del Maria con un clima agradable, rodeado de montañas. Se encuentra ubicado en calle muy tranquila y privada. Dentro del residencial cuentas con senderos, rios, cascadas, cancha de tenis y muchas otras amenidades en donde sin duda podras disfrutar de la naturaleza e infinidad de actividades. Cuenta con 2,455.33 metros cuadrados y es un terreno bastante plano.",https://www.encuentra24.com/panama-es/bienes-raices-venta-de-propiedades-lotes-y-terrenos/amplio-terreno-altos-del-maria-vista-a-montanas-y-cerca-de-rio/31639850,,Altos del María
210000.0,1.0,1,0,2,629691098354338079,"{""amenities"": [""Nevera"", ""Secadora"", ""Calentador de agua"", ""Lavadora"", ""Estufa""], ""apartment_features"": [""Nevera"", ""Nevera Estufa Calentador de agua Lavadora Secadora"", ""Secadora"", ""Beneficios Nevera Estufa Calentador de agua Lavadora Secadora"", ""Calentador de agua"", ""Lavadora"", ""Estufa""], ""models"": [{""recamaras"": ""000"", ""banos"": ""1""}, {""model_title"": ""Inicio"", ""proprietario_vende"": ""Loft Piso Alto PH Le Mare""}], ""property_specs_raw"": ""['Area: 926\\n\\nM\u00b2', 'M\u00e1s Apartamentos con 1 habitaciones', 'Parking: Parking\\n2', 'Bathrooms: 1\\n\\n\\n\\n\\n\\n\\n\\nBa\u00f1os', 'Bedrooms: 1 habitaciones']"", ""models_flat"": ""['1 ba\u00f1os; Inicio - Proprietario Vende: Loft Piso Alto PH Le Mare', '000 hab']"", ""page_title"": ""Apartamentos en Coco del Mar | PROPRIETARIO VENDE: Loft Piso Alto PH Le Mare $210,000"", ""subtitle"": ""Apartamentos en Coco del Mar | PROPRIETARIO VENDE: Loft Piso Alto PH Le Mare"", ""listing_price"": ""$210,000""}",2025-11-25T19:39:25.965407,1,926.0,PROPRIETARIO VENDE: Loft Piso Alto PH Le Mare,,https://www.encuentra24.com/panama-es/bienes-raices-venta-de-propiedades-apartamentos/proprietario-vende-loft-piso-alto-ph-le-mare/31069146,,Coco del Mar
2490000.0,6.0,6,0,2,91119119574318326,"{""models"": [{""area"": ""009 m\u00b2"", ""recamaras"": ""6"", ""banos"": ""6""}, {""recamaras"": ""6""}, {""banos"": ""6""}, {""area"": ""009 m\u00b2"", ""banos"": ""8""}], ""property_specs_raw"": ""['Bedrooms: 6 habitaciones', 'Parking: Parking\\n2', 'Bathrooms: 6\\n\\n\\n\\n\\n\\n\\n\\nBa\u00f1os', 'Area: 497.10\\n\\n\\n    M\u00b2', 'M\u00e1s Casas con 6 habitaciones']"", ""models_flat"": ""['6 ba\u00f1os; Area: 009 m\u00b2 - N/A hab', 'N/A ba\u00f1os; N/A hab', '6 ba\u00f1os; 6 hab', '8 ba\u00f1os', 'Area: 009 m\u00b2 - 6 hab']"", ""page_title"": ""Casas en Punta Chame | Casa de Playa Frente al Mar en Punta Chame \u2013 6 Rec\u00e1maras + Piscina + Rancho $2,490,000 -8%"", ""subtitle"": ""Casas en Punta Chame | Casa de Playa Frente al Mar en Punta Chame \u2013 6 Rec\u00e1maras + Piscina + Rancho"", ""listing_price"": ""$2,490,000 -8%""}",2025-11-25T19:39:25.965407,1,497.1,Casa de Playa Frente al Mar en Punta Chame – 6 Recámaras + Piscina + Rancho,"Se vende espectacular casa de playa frente al mar en Punta Chame, ideal para disfrutar en familia o como inversión vacacional. Terreno de 5,009 m² frente al mar 6 amplias recámaras 8 baños completos Comedor y cocina totalmente integradas Den familiar y sala de billiard Terraza techada con sala y comedor exterior Rancho frente al mar y piscina privada Acceso directo a la playa Propiedad completamente amueblada y lista para ocupar Precio de venta: $2,490,000 Una propiedad única en una de las zonas más exclusivas del Pacífico panameño. Contáctanos para agendar una visita.",https://www.encuentra24.com/panama-es/bienes-raices-venta-de-propiedades-casas/casa-de-playa-frente-al-mar-en-punta-chame-6-recamaras-piscina-rancho/30849739,,Punta Chame
400000.0,2.0,2,0,1,805092649462729910,"{""amenities"": [""Microondas"", ""Secadora"", ""Lobby"", ""Lavadora"", ""Seguridad 24 Horas"", ""Dispensador de agua caliente"", ""A/C"", ""\u00c1rea Social"", ""Nevera"", ""Parking de visitas"", ""Planta El\u00e9ctrica"", ""Lavaplatos"", ""Sal\u00f3n de fiestas"", ""Walk-in closet"", ""\u00c1rea de BBQ"", ""Gimnasio"", ""Pet Friendly"", ""Calentador de agua"", ""Sala y Comedor"", ""Estufa""], ""apartment_features"": [""Microondas"", ""Secadora"", ""Lobby"", ""Lavadora"", ""Seguridad 24 Horas"", ""Pet Friendly Parking de visitas Seguridad 24 Horas Sal\u00f3n de fiestas Gimnasio A/C Sala y Comedor \u00c1rea Social Walk-in closet \u00c1rea de BBQ Lobby Planta El\u00e9ctrica"", ""Dispensador de agua caliente"", ""Nevera Microondas Estufa Lavaplatos Dispensador de agua caliente Calentador de agua Lavadora Secadora"", ""Beneficios Nevera Microondas Estufa Lavaplatos Dispensador de agua caliente Calentador de agua Lavadora Secadora Pet Friendly Parking de visitas Seguridad 24 Horas Sal\u00f3n de fiestas Gimnasio A/C Sala y Comedor \u00c1rea Social Walk-in closet \u00c1rea de BBQ Lobby Planta El\u00e9ctrica"", ""\u00c1rea Social"", ""Nevera"", ""Parking de visitas"", ""Planta El\u00e9ctrica"", ""Lavaplatos"", ""Sal\u00f3n de fiestas"", ""Walk-in closet"", ""\u00c1rea de BBQ"", ""Gimnasio"", ""Pet Friendly"", ""Calentador de agua"", ""Sala y Comedor"", ""Estufa""], ""models"": [{""area"": ""105 m\u00b2"", ""recamaras"": ""000"", ""banos"": ""2""}, {""recamaras"": ""000"", ""banos"": ""2""}, {""area"": ""105 m\u00b2"", ""banos"": ""2""}], ""property_specs_raw"": ""['Parking: Parking\\n1', 'Bathrooms: 2\\n\\n\\n\\n\\n\\n\\n\\nBa\u00f1os', 'Area: 809\\n\\nM\u00b2', 'M\u00e1s Apartamentos con 2 habitaciones', 'Bedrooms: 2 habitaciones']"", ""models_flat"": ""['2 ba\u00f1os; 000 hab', '2 ba\u00f1os; Area: 105 m\u00b2 - N/A hab', 'Area: 105 m\u00b2 - 000 hab', '2 ba\u00f1os']"", ""page_title"": ""Apartamentos en Costa del Este | Venta de apartamento en Costa del Este $400,000"", ""subtitle"": ""Apartamentos en Costa del Este | Venta de apartamento en Costa del Este"", ""listing_price"": ""$400,000""}",2025-11-25T19:39:25.965407,1,809.0,Venta de apartamento en Costa del Este,"Ubicado en la exclusiva comunidad de Costa del Este, a poca distancia de centros comerciales, restaurantes, el prestigioso Hospital Punta Pacífica afiliado a John Hopkins, parques centrales, supermercados y muchas otras comodidades. Titanium es un apartamento en Costa del Este con acabados de lujo y vista panorámica al mar y la ciudad de Panamá. Ofrece un parque privado con instalaciones deportivas y recreativas para toda la familia, además de todas las comodidades de un club-spa dentro de la seguridad de un complejo residencial. El apartamento: 105 m², 2 dormitorios, 2 baños, sala y comedor, precio $400,000 Amedidades: Gran piscina, area de bronceado, cine, campo de fútbol, elegante salón de fiestas y eventos, parque infantil, sala de juegos para adolescentes, vestíbulo de doble altura, lobby privado con acceso al apartamento, estacionamiento para visitas, servicio de conserjería, seguridad las 24 horas. ¿Por qué Costa del Este? Es un barrio exclusivo con la sensación de una ciudad dentro de la ciudad. Está lleno de rascacielos únicos y comunidades cerradas de viviendas unifamiliares. Aquí encontrarás todo lo que necesitas, desde supermercados, tiendas, bares, colegios, centros financieros, tiendas de mascotas, exclusivos centros comerciales, canchas deportivas y mucho más.",https://www.encuentra24.com/panama-es/bienes-raices-venta-de-propiedades-apartamentos/venta-de-apartamento-en-costa-del-este/24973012,,Costa del Este
